Email;Password
bot0001@dev.com;P123456P
bot0002@dev.com;P123456P
bot0003@dev.com;P123456P
bot0004@dev.com;P123456P
bot0005@dev.com;P123456P
bot0006@dev.com;P123456P
bot0007@dev.com;P123456P
bot0008@dev.com;P123456P
bot0009@dev.com;P123456P
bot0010@dev.com;P123456P
bot0011@dev.com;P123456P
bot0012@dev.com;P123456P
bot0013@dev.com;P123456P
bot0014@dev.com;P123456P
bot0015@dev.com;P123456P
bot0016@dev.com;P123456P
bot0017@dev.com;P123456P
bot0018@dev.com;P123456P
bot0019@dev.com;P123456P
bot0020@dev.com;P123456P
bot0021@dev.com;P123456P
bot0022@dev.com;P123456P
bot0023@dev.com;P123456P
bot0024@dev.com;P123456P
bot0025@dev.com;P123456P
bot0026@dev.com;P123456P
bot0027@dev.com;P123456P
bot0028@dev.com;P123456P
bot0029@dev.com;P123456P
bot0030@dev.com;P123456P
bot0031@dev.com;P123456P
bot0032@dev.com;P123456P
bot0033@dev.com;P123456P
bot0034@dev.com;P123456P
bot0035@dev.com;P123456P
bot0036@dev.com;P123456P
bot0037@dev.com;P123456P
bot0038@dev.com;P123456P
bot0039@dev.com;P123456P
bot0040@dev.com;P123456P
bot0041@dev.com;P123456P
bot0042@dev.com;P123456P
bot0043@dev.com;P123456P
bot0044@dev.com;P123456P
bot0045@dev.com;P123456P
bot0046@dev.com;P123456P
bot0047@dev.com;P123456P
bot0048@dev.com;P123456P
bot0049@dev.com;P123456P
bot0050@dev.com;P123456P
bot0051@dev.com;P123456P
bot0052@dev.com;P123456P
bot0053@dev.com;P123456P
bot0054@dev.com;P123456P
bot0055@dev.com;P123456P
bot0056@dev.com;P123456P
bot0057@dev.com;P123456P
bot0058@dev.com;P123456P
bot0059@dev.com;P123456P
bot0060@dev.com;P123456P
bot0061@dev.com;P123456P
bot0062@dev.com;P123456P
bot0063@dev.com;P123456P
bot0064@dev.com;P123456P
bot0065@dev.com;P123456P
bot0066@dev.com;P123456P
bot0067@dev.com;P123456P
bot0068@dev.com;P123456P
bot0069@dev.com;P123456P
bot0070@dev.com;P123456P
bot0071@dev.com;P123456P
bot0072@dev.com;P123456P
bot0073@dev.com;P123456P
bot0074@dev.com;P123456P
bot0075@dev.com;P123456P
bot0076@dev.com;P123456P
bot0077@dev.com;P123456P
bot0078@dev.com;P123456P
bot0079@dev.com;P123456P
bot0080@dev.com;P123456P
bot0081@dev.com;P123456P
bot0082@dev.com;P123456P
bot0083@dev.com;P123456P
bot0084@dev.com;P123456P
bot0085@dev.com;P123456P
bot0086@dev.com;P123456P
bot0087@dev.com;P123456P
bot0088@dev.com;P123456P
bot0089@dev.com;P123456P
bot0090@dev.com;P123456P
bot0091@dev.com;P123456P
bot0092@dev.com;P123456P
bot0093@dev.com;P123456P
bot0094@dev.com;P123456P
bot0095@dev.com;P123456P
bot0096@dev.com;P123456P
bot0097@dev.com;P123456P
bot0098@dev.com;P123456P
bot0099@dev.com;P123456P
bot0100@dev.com;P123456P
bot0101@dev.com;P123456P
bot0102@dev.com;P123456P
bot0103@dev.com;P123456P
bot0104@dev.com;P123456P
bot0105@dev.com;P123456P
bot0106@dev.com;P123456P
bot0107@dev.com;P123456P
bot0108@dev.com;P123456P
bot0109@dev.com;P123456P
bot0110@dev.com;P123456P
bot0111@dev.com;P123456P
bot0112@dev.com;P123456P
bot0113@dev.com;P123456P
bot0114@dev.com;P123456P
bot0115@dev.com;P123456P
bot0116@dev.com;P123456P
bot0117@dev.com;P123456P
bot0118@dev.com;P123456P
bot0119@dev.com;P123456P
bot0120@dev.com;P123456P
bot0121@dev.com;P123456P
bot0122@dev.com;P123456P
bot0123@dev.com;P123456P
bot0124@dev.com;P123456P
bot0125@dev.com;P123456P
bot0126@dev.com;P123456P
bot0127@dev.com;P123456P
bot0128@dev.com;P123456P
bot0129@dev.com;P123456P
bot0130@dev.com;P123456P
bot0131@dev.com;P123456P
bot0132@dev.com;P123456P
bot0133@dev.com;P123456P
bot0134@dev.com;P123456P
bot0135@dev.com;P123456P
bot0136@dev.com;P123456P
bot0137@dev.com;P123456P
bot0138@dev.com;P123456P
bot0139@dev.com;P123456P
bot0140@dev.com;P123456P
bot0141@dev.com;P123456P
bot0142@dev.com;P123456P
bot0143@dev.com;P123456P
bot0144@dev.com;P123456P
bot0145@dev.com;P123456P
bot0146@dev.com;P123456P
bot0147@dev.com;P123456P
bot0148@dev.com;P123456P
bot0149@dev.com;P123456P
bot0150@dev.com;P123456P
bot0151@dev.com;P123456P
bot0152@dev.com;P123456P
bot0153@dev.com;P123456P
bot0154@dev.com;P123456P
bot0155@dev.com;P123456P
bot0156@dev.com;P123456P
bot0157@dev.com;P123456P
bot0158@dev.com;P123456P
bot0159@dev.com;P123456P
bot0160@dev.com;P123456P
bot0161@dev.com;P123456P
bot0162@dev.com;P123456P
bot0163@dev.com;P123456P
bot0164@dev.com;P123456P
bot0165@dev.com;P123456P
bot0166@dev.com;P123456P
bot0167@dev.com;P123456P
bot0168@dev.com;P123456P
bot0169@dev.com;P123456P
bot0170@dev.com;P123456P
bot0171@dev.com;P123456P
bot0172@dev.com;P123456P
bot0173@dev.com;P123456P
bot0174@dev.com;P123456P
bot0175@dev.com;P123456P
bot0176@dev.com;P123456P
bot0177@dev.com;P123456P
bot0178@dev.com;P123456P
bot0179@dev.com;P123456P
bot0180@dev.com;P123456P
bot0181@dev.com;P123456P
bot0182@dev.com;P123456P
bot0183@dev.com;P123456P
bot0184@dev.com;P123456P
bot0185@dev.com;P123456P
bot0186@dev.com;P123456P
bot0187@dev.com;P123456P
bot0188@dev.com;P123456P
bot0189@dev.com;P123456P
bot0190@dev.com;P123456P
bot0191@dev.com;P123456P
bot0192@dev.com;P123456P
bot0193@dev.com;P123456P
bot0194@dev.com;P123456P
bot0195@dev.com;P123456P
bot0196@dev.com;P123456P
bot0197@dev.com;P123456P
bot0198@dev.com;P123456P
bot0199@dev.com;P123456P
bot0200@dev.com;P123456P
bot0201@dev.com;P123456P
bot0202@dev.com;P123456P
bot0203@dev.com;P123456P
bot0204@dev.com;P123456P
bot0205@dev.com;P123456P
bot0206@dev.com;P123456P
bot0207@dev.com;P123456P
bot0208@dev.com;P123456P
bot0209@dev.com;P123456P
bot0210@dev.com;P123456P
bot0211@dev.com;P123456P
bot0212@dev.com;P123456P
bot0213@dev.com;P123456P
bot0214@dev.com;P123456P
bot0215@dev.com;P123456P
bot0216@dev.com;P123456P
bot0217@dev.com;P123456P
bot0218@dev.com;P123456P
bot0219@dev.com;P123456P
bot0220@dev.com;P123456P
bot0221@dev.com;P123456P
bot0222@dev.com;P123456P
bot0223@dev.com;P123456P
bot0224@dev.com;P123456P
bot0225@dev.com;P123456P
bot0226@dev.com;P123456P
bot0227@dev.com;P123456P
bot0228@dev.com;P123456P
bot0229@dev.com;P123456P
bot0230@dev.com;P123456P
bot0231@dev.com;P123456P
bot0232@dev.com;P123456P
bot0233@dev.com;P123456P
bot0234@dev.com;P123456P
bot0235@dev.com;P123456P
bot0236@dev.com;P123456P
bot0237@dev.com;P123456P
bot0238@dev.com;P123456P
bot0239@dev.com;P123456P
bot0240@dev.com;P123456P
bot0241@dev.com;P123456P
bot0242@dev.com;P123456P
bot0243@dev.com;P123456P
bot0244@dev.com;P123456P
bot0245@dev.com;P123456P
bot0246@dev.com;P123456P
bot0247@dev.com;P123456P
bot0248@dev.com;P123456P
bot0249@dev.com;P123456P
bot0250@dev.com;P123456P
bot0251@dev.com;P123456P
bot0252@dev.com;P123456P
bot0253@dev.com;P123456P
bot0254@dev.com;P123456P
bot0255@dev.com;P123456P
bot0256@dev.com;P123456P
bot0257@dev.com;P123456P
bot0258@dev.com;P123456P
bot0259@dev.com;P123456P
bot0260@dev.com;P123456P
bot0261@dev.com;P123456P
bot0262@dev.com;P123456P
bot0263@dev.com;P123456P
bot0264@dev.com;P123456P
bot0265@dev.com;P123456P
bot0266@dev.com;P123456P
bot0267@dev.com;P123456P
bot0268@dev.com;P123456P
bot0269@dev.com;P123456P
bot0270@dev.com;P123456P
bot0271@dev.com;P123456P
bot0272@dev.com;P123456P
bot0273@dev.com;P123456P
bot0274@dev.com;P123456P
bot0275@dev.com;P123456P
bot0276@dev.com;P123456P
bot0277@dev.com;P123456P
bot0278@dev.com;P123456P
bot0279@dev.com;P123456P
bot0280@dev.com;P123456P
bot0281@dev.com;P123456P
bot0282@dev.com;P123456P
bot0283@dev.com;P123456P
bot0284@dev.com;P123456P
bot0285@dev.com;P123456P
bot0286@dev.com;P123456P
bot0287@dev.com;P123456P
bot0288@dev.com;P123456P
bot0289@dev.com;P123456P
bot0290@dev.com;P123456P
bot0291@dev.com;P123456P
bot0292@dev.com;P123456P
bot0293@dev.com;P123456P
bot0294@dev.com;P123456P
bot0295@dev.com;P123456P
bot0296@dev.com;P123456P
bot0297@dev.com;P123456P
bot0298@dev.com;P123456P
bot0299@dev.com;P123456P
bot0300@dev.com;P123456P
bot0301@dev.com;P123456P
bot0302@dev.com;P123456P
bot0303@dev.com;P123456P
bot0304@dev.com;P123456P
bot0305@dev.com;P123456P
bot0306@dev.com;P123456P
bot0307@dev.com;P123456P
bot0308@dev.com;P123456P
bot0309@dev.com;P123456P
bot0310@dev.com;P123456P
bot0311@dev.com;P123456P
bot0312@dev.com;P123456P
bot0313@dev.com;P123456P
bot0314@dev.com;P123456P
bot0315@dev.com;P123456P
bot0316@dev.com;P123456P
bot0317@dev.com;P123456P
bot0318@dev.com;P123456P
bot0319@dev.com;P123456P
bot0320@dev.com;P123456P
bot0321@dev.com;P123456P
bot0322@dev.com;P123456P
bot0323@dev.com;P123456P
bot0324@dev.com;P123456P
bot0325@dev.com;P123456P
bot0326@dev.com;P123456P
bot0327@dev.com;P123456P
bot0328@dev.com;P123456P
bot0329@dev.com;P123456P
bot0330@dev.com;P123456P
bot0331@dev.com;P123456P
bot0332@dev.com;P123456P
bot0333@dev.com;P123456P
bot0334@dev.com;P123456P
bot0335@dev.com;P123456P
bot0336@dev.com;P123456P
bot0337@dev.com;P123456P
bot0338@dev.com;P123456P
bot0339@dev.com;P123456P
bot0340@dev.com;P123456P
bot0341@dev.com;P123456P
bot0342@dev.com;P123456P
bot0343@dev.com;P123456P
bot0344@dev.com;P123456P
bot0345@dev.com;P123456P
bot0346@dev.com;P123456P
bot0347@dev.com;P123456P
bot0348@dev.com;P123456P
bot0349@dev.com;P123456P
bot0350@dev.com;P123456P
bot0351@dev.com;P123456P
bot0352@dev.com;P123456P
bot0353@dev.com;P123456P
bot0354@dev.com;P123456P
bot0355@dev.com;P123456P
bot0356@dev.com;P123456P
bot0357@dev.com;P123456P
bot0358@dev.com;P123456P
bot0359@dev.com;P123456P
bot0360@dev.com;P123456P
bot0361@dev.com;P123456P
bot0362@dev.com;P123456P
bot0363@dev.com;P123456P
bot0364@dev.com;P123456P
bot0365@dev.com;P123456P
bot0366@dev.com;P123456P
bot0367@dev.com;P123456P
bot0368@dev.com;P123456P
bot0369@dev.com;P123456P
bot0370@dev.com;P123456P
bot0371@dev.com;P123456P
bot0372@dev.com;P123456P
bot0373@dev.com;P123456P
bot0374@dev.com;P123456P
bot0375@dev.com;P123456P
bot0376@dev.com;P123456P
bot0377@dev.com;P123456P
bot0378@dev.com;P123456P
bot0379@dev.com;P123456P
bot0380@dev.com;P123456P
bot0381@dev.com;P123456P
bot0382@dev.com;P123456P
bot0383@dev.com;P123456P
bot0384@dev.com;P123456P
bot0385@dev.com;P123456P
bot0386@dev.com;P123456P
bot0387@dev.com;P123456P
bot0388@dev.com;P123456P
bot0389@dev.com;P123456P
bot0390@dev.com;P123456P
bot0391@dev.com;P123456P
bot0392@dev.com;P123456P
bot0393@dev.com;P123456P
bot0394@dev.com;P123456P
bot0395@dev.com;P123456P
bot0396@dev.com;P123456P
bot0397@dev.com;P123456P
bot0398@dev.com;P123456P
bot0399@dev.com;P123456P
bot0400@dev.com;P123456P
bot0401@dev.com;P123456P
bot0402@dev.com;P123456P
bot0403@dev.com;P123456P
bot0404@dev.com;P123456P
bot0405@dev.com;P123456P
bot0406@dev.com;P123456P
bot0407@dev.com;P123456P
bot0408@dev.com;P123456P
bot0409@dev.com;P123456P
bot0410@dev.com;P123456P
bot0411@dev.com;P123456P
bot0412@dev.com;P123456P
bot0413@dev.com;P123456P
bot0414@dev.com;P123456P
bot0415@dev.com;P123456P
bot0416@dev.com;P123456P
bot0417@dev.com;P123456P
bot0418@dev.com;P123456P
bot0419@dev.com;P123456P
bot0420@dev.com;P123456P
bot0421@dev.com;P123456P
bot0422@dev.com;P123456P
bot0423@dev.com;P123456P
bot0424@dev.com;P123456P
bot0425@dev.com;P123456P
bot0426@dev.com;P123456P
bot0427@dev.com;P123456P
bot0428@dev.com;P123456P
bot0429@dev.com;P123456P
bot0430@dev.com;P123456P
bot0431@dev.com;P123456P
bot0432@dev.com;P123456P
bot0433@dev.com;P123456P
bot0434@dev.com;P123456P
bot0435@dev.com;P123456P
bot0436@dev.com;P123456P
bot0437@dev.com;P123456P
bot0438@dev.com;P123456P
bot0439@dev.com;P123456P
bot0440@dev.com;P123456P
bot0441@dev.com;P123456P
bot0442@dev.com;P123456P
bot0443@dev.com;P123456P
bot0444@dev.com;P123456P
bot0445@dev.com;P123456P
bot0446@dev.com;P123456P
bot0447@dev.com;P123456P
bot0448@dev.com;P123456P
bot0449@dev.com;P123456P
bot0450@dev.com;P123456P
bot0451@dev.com;P123456P
bot0452@dev.com;P123456P
bot0453@dev.com;P123456P
bot0454@dev.com;P123456P
bot0455@dev.com;P123456P
bot0456@dev.com;P123456P
bot0457@dev.com;P123456P
bot0458@dev.com;P123456P
bot0459@dev.com;P123456P
bot0460@dev.com;P123456P
bot0461@dev.com;P123456P
bot0462@dev.com;P123456P
bot0463@dev.com;P123456P
bot0464@dev.com;P123456P
bot0465@dev.com;P123456P
bot0466@dev.com;P123456P
bot0467@dev.com;P123456P
bot0468@dev.com;P123456P
bot0469@dev.com;P123456P
bot0470@dev.com;P123456P
bot0471@dev.com;P123456P
bot0472@dev.com;P123456P
bot0473@dev.com;P123456P
bot0474@dev.com;P123456P
bot0475@dev.com;P123456P
bot0476@dev.com;P123456P
bot0477@dev.com;P123456P
bot0478@dev.com;P123456P
bot0479@dev.com;P123456P
bot0480@dev.com;P123456P
bot0481@dev.com;P123456P
bot0482@dev.com;P123456P
bot0483@dev.com;P123456P
bot0484@dev.com;P123456P
bot0485@dev.com;P123456P
bot0486@dev.com;P123456P
bot0487@dev.com;P123456P
bot0488@dev.com;P123456P
bot0489@dev.com;P123456P
bot0490@dev.com;P123456P
bot0491@dev.com;P123456P
bot0492@dev.com;P123456P
bot0493@dev.com;P123456P
bot0494@dev.com;P123456P
bot0495@dev.com;P123456P
bot0496@dev.com;P123456P
bot0497@dev.com;P123456P
bot0498@dev.com;P123456P
bot0499@dev.com;P123456P
bot0500@dev.com;P123456P
bot0501@dev.com;P123456P
bot0502@dev.com;P123456P
bot0503@dev.com;P123456P
bot0504@dev.com;P123456P
bot0505@dev.com;P123456P
bot0506@dev.com;P123456P
bot0507@dev.com;P123456P
bot0508@dev.com;P123456P
bot0509@dev.com;P123456P
bot0510@dev.com;P123456P
bot0511@dev.com;P123456P
bot0512@dev.com;P123456P
bot0513@dev.com;P123456P
bot0514@dev.com;P123456P
bot0515@dev.com;P123456P
bot0516@dev.com;P123456P
bot0517@dev.com;P123456P
bot0518@dev.com;P123456P
bot0519@dev.com;P123456P
bot0520@dev.com;P123456P
bot0521@dev.com;P123456P
bot0522@dev.com;P123456P
bot0523@dev.com;P123456P
bot0524@dev.com;P123456P
bot0525@dev.com;P123456P
bot0526@dev.com;P123456P
bot0527@dev.com;P123456P
bot0528@dev.com;P123456P
bot0529@dev.com;P123456P
bot0530@dev.com;P123456P
bot0531@dev.com;P123456P
bot0532@dev.com;P123456P
bot0533@dev.com;P123456P
bot0534@dev.com;P123456P
bot0535@dev.com;P123456P
bot0536@dev.com;P123456P
bot0537@dev.com;P123456P
bot0538@dev.com;P123456P
bot0539@dev.com;P123456P
bot0540@dev.com;P123456P
bot0541@dev.com;P123456P
bot0542@dev.com;P123456P
bot0543@dev.com;P123456P
bot0544@dev.com;P123456P
bot0545@dev.com;P123456P
bot0546@dev.com;P123456P
bot0547@dev.com;P123456P
bot0548@dev.com;P123456P
bot0549@dev.com;P123456P
bot0550@dev.com;P123456P
bot0551@dev.com;P123456P
bot0552@dev.com;P123456P
bot0553@dev.com;P123456P
bot0554@dev.com;P123456P
bot0555@dev.com;P123456P
bot0556@dev.com;P123456P
bot0557@dev.com;P123456P
bot0558@dev.com;P123456P
bot0559@dev.com;P123456P
bot0560@dev.com;P123456P
bot0561@dev.com;P123456P
bot0562@dev.com;P123456P
bot0563@dev.com;P123456P
bot0564@dev.com;P123456P
bot0565@dev.com;P123456P
bot0566@dev.com;P123456P
bot0567@dev.com;P123456P
bot0568@dev.com;P123456P
bot0569@dev.com;P123456P
bot0570@dev.com;P123456P
bot0571@dev.com;P123456P
bot0572@dev.com;P123456P
bot0573@dev.com;P123456P
bot0574@dev.com;P123456P
bot0575@dev.com;P123456P
bot0576@dev.com;P123456P
bot0577@dev.com;P123456P
bot0578@dev.com;P123456P
bot0579@dev.com;P123456P
bot0580@dev.com;P123456P
bot0581@dev.com;P123456P
bot0582@dev.com;P123456P
bot0583@dev.com;P123456P
bot0584@dev.com;P123456P
bot0585@dev.com;P123456P
bot0586@dev.com;P123456P
bot0587@dev.com;P123456P
bot0588@dev.com;P123456P
bot0589@dev.com;P123456P
bot0590@dev.com;P123456P
bot0591@dev.com;P123456P
bot0592@dev.com;P123456P
bot0593@dev.com;P123456P
bot0594@dev.com;P123456P
bot0595@dev.com;P123456P
bot0596@dev.com;P123456P
bot0597@dev.com;P123456P
bot0598@dev.com;P123456P
bot0599@dev.com;P123456P
bot0600@dev.com;P123456P
bot0601@dev.com;P123456P
bot0602@dev.com;P123456P
bot0603@dev.com;P123456P
bot0604@dev.com;P123456P
bot0605@dev.com;P123456P
bot0606@dev.com;P123456P
bot0607@dev.com;P123456P
bot0608@dev.com;P123456P
bot0609@dev.com;P123456P
bot0610@dev.com;P123456P
bot0611@dev.com;P123456P
bot0612@dev.com;P123456P
bot0613@dev.com;P123456P
bot0614@dev.com;P123456P
bot0615@dev.com;P123456P
bot0616@dev.com;P123456P
bot0617@dev.com;P123456P
bot0618@dev.com;P123456P
bot0619@dev.com;P123456P
bot0620@dev.com;P123456P
bot0621@dev.com;P123456P
bot0622@dev.com;P123456P
bot0623@dev.com;P123456P
bot0624@dev.com;P123456P
bot0625@dev.com;P123456P
bot0626@dev.com;P123456P
bot0627@dev.com;P123456P
bot0628@dev.com;P123456P
bot0629@dev.com;P123456P
bot0630@dev.com;P123456P
bot0631@dev.com;P123456P
bot0632@dev.com;P123456P
bot0633@dev.com;P123456P
bot0634@dev.com;P123456P
bot0635@dev.com;P123456P
bot0636@dev.com;P123456P
bot0637@dev.com;P123456P
bot0638@dev.com;P123456P
bot0639@dev.com;P123456P
bot0640@dev.com;P123456P
bot0641@dev.com;P123456P
bot0642@dev.com;P123456P
bot0643@dev.com;P123456P
bot0644@dev.com;P123456P
bot0645@dev.com;P123456P
bot0646@dev.com;P123456P
bot0647@dev.com;P123456P
bot0648@dev.com;P123456P
bot0649@dev.com;P123456P
bot0650@dev.com;P123456P
bot0651@dev.com;P123456P
bot0652@dev.com;P123456P
bot0653@dev.com;P123456P
bot0654@dev.com;P123456P
bot0655@dev.com;P123456P
bot0656@dev.com;P123456P
bot0657@dev.com;P123456P
bot0658@dev.com;P123456P
bot0659@dev.com;P123456P
bot0660@dev.com;P123456P
bot0661@dev.com;P123456P
bot0662@dev.com;P123456P
bot0663@dev.com;P123456P
bot0664@dev.com;P123456P
bot0665@dev.com;P123456P
bot0666@dev.com;P123456P
bot0667@dev.com;P123456P
bot0668@dev.com;P123456P
bot0669@dev.com;P123456P
bot0670@dev.com;P123456P
bot0671@dev.com;P123456P
bot0672@dev.com;P123456P
bot0673@dev.com;P123456P
bot0674@dev.com;P123456P
bot0675@dev.com;P123456P
bot0676@dev.com;P123456P
bot0677@dev.com;P123456P
bot0678@dev.com;P123456P
bot0679@dev.com;P123456P
bot0680@dev.com;P123456P
bot0681@dev.com;P123456P
bot0682@dev.com;P123456P
bot0683@dev.com;P123456P
bot0684@dev.com;P123456P
bot0685@dev.com;P123456P
bot0686@dev.com;P123456P
bot0687@dev.com;P123456P
bot0688@dev.com;P123456P
bot0689@dev.com;P123456P
bot0690@dev.com;P123456P
bot0691@dev.com;P123456P
bot0692@dev.com;P123456P
bot0693@dev.com;P123456P
bot0694@dev.com;P123456P
bot0695@dev.com;P123456P
bot0696@dev.com;P123456P
bot0697@dev.com;P123456P
bot0698@dev.com;P123456P
bot0699@dev.com;P123456P
bot0700@dev.com;P123456P
bot0701@dev.com;P123456P
bot0702@dev.com;P123456P
bot0703@dev.com;P123456P
bot0704@dev.com;P123456P
bot0705@dev.com;P123456P
bot0706@dev.com;P123456P
bot0707@dev.com;P123456P
bot0708@dev.com;P123456P
bot0709@dev.com;P123456P
bot0710@dev.com;P123456P
bot0711@dev.com;P123456P
bot0712@dev.com;P123456P
bot0713@dev.com;P123456P
bot0714@dev.com;P123456P
bot0715@dev.com;P123456P
bot0716@dev.com;P123456P
bot0717@dev.com;P123456P
bot0718@dev.com;P123456P
bot0719@dev.com;P123456P
bot0720@dev.com;P123456P
bot0721@dev.com;P123456P
bot0722@dev.com;P123456P
bot0723@dev.com;P123456P
bot0724@dev.com;P123456P
bot0725@dev.com;P123456P
bot0726@dev.com;P123456P
bot0727@dev.com;P123456P
bot0728@dev.com;P123456P
bot0729@dev.com;P123456P
bot0730@dev.com;P123456P
bot0731@dev.com;P123456P
bot0732@dev.com;P123456P
bot0733@dev.com;P123456P
bot0734@dev.com;P123456P
bot0735@dev.com;P123456P
bot0736@dev.com;P123456P
bot0737@dev.com;P123456P
bot0738@dev.com;P123456P
bot0739@dev.com;P123456P
bot0740@dev.com;P123456P
bot0741@dev.com;P123456P
bot0742@dev.com;P123456P
bot0743@dev.com;P123456P
bot0744@dev.com;P123456P
bot0745@dev.com;P123456P
bot0746@dev.com;P123456P
bot0747@dev.com;P123456P
bot0748@dev.com;P123456P
bot0749@dev.com;P123456P
bot0750@dev.com;P123456P
bot0751@dev.com;P123456P
bot0752@dev.com;P123456P
bot0753@dev.com;P123456P
bot0754@dev.com;P123456P
bot0755@dev.com;P123456P
bot0756@dev.com;P123456P
bot0757@dev.com;P123456P
bot0758@dev.com;P123456P
bot0759@dev.com;P123456P
bot0760@dev.com;P123456P
bot0761@dev.com;P123456P
bot0762@dev.com;P123456P
bot0763@dev.com;P123456P
bot0764@dev.com;P123456P
bot0765@dev.com;P123456P
bot0766@dev.com;P123456P
bot0767@dev.com;P123456P
bot0768@dev.com;P123456P
bot0769@dev.com;P123456P
bot0770@dev.com;P123456P
bot0771@dev.com;P123456P
bot0772@dev.com;P123456P
bot0773@dev.com;P123456P
bot0774@dev.com;P123456P
bot0775@dev.com;P123456P
bot0776@dev.com;P123456P
bot0777@dev.com;P123456P
bot0778@dev.com;P123456P
bot0779@dev.com;P123456P
bot0780@dev.com;P123456P
bot0781@dev.com;P123456P
bot0782@dev.com;P123456P
bot0783@dev.com;P123456P
bot0784@dev.com;P123456P
bot0785@dev.com;P123456P
bot0786@dev.com;P123456P
bot0787@dev.com;P123456P
bot0788@dev.com;P123456P
bot0789@dev.com;P123456P
bot0790@dev.com;P123456P
bot0791@dev.com;P123456P
bot0792@dev.com;P123456P
bot0793@dev.com;P123456P
bot0794@dev.com;P123456P
bot0795@dev.com;P123456P
bot0796@dev.com;P123456P
bot0797@dev.com;P123456P
bot0798@dev.com;P123456P
bot0799@dev.com;P123456P
bot0800@dev.com;P123456P
bot0801@dev.com;P123456P
bot0802@dev.com;P123456P
bot0803@dev.com;P123456P
bot0804@dev.com;P123456P
bot0805@dev.com;P123456P
bot0806@dev.com;P123456P
bot0807@dev.com;P123456P
bot0808@dev.com;P123456P
bot0809@dev.com;P123456P
bot0810@dev.com;P123456P
bot0811@dev.com;P123456P
bot0812@dev.com;P123456P
bot0813@dev.com;P123456P
bot0814@dev.com;P123456P
bot0815@dev.com;P123456P
bot0816@dev.com;P123456P
bot0817@dev.com;P123456P
bot0818@dev.com;P123456P
bot0819@dev.com;P123456P
bot0820@dev.com;P123456P
bot0821@dev.com;P123456P
bot0822@dev.com;P123456P
bot0823@dev.com;P123456P
bot0824@dev.com;P123456P
bot0825@dev.com;P123456P
bot0826@dev.com;P123456P
bot0827@dev.com;P123456P
bot0828@dev.com;P123456P
bot0829@dev.com;P123456P
bot0830@dev.com;P123456P
bot0831@dev.com;P123456P
bot0832@dev.com;P123456P
bot0833@dev.com;P123456P
bot0834@dev.com;P123456P
bot0835@dev.com;P123456P
bot0836@dev.com;P123456P
bot0837@dev.com;P123456P
bot0838@dev.com;P123456P
bot0839@dev.com;P123456P
bot0840@dev.com;P123456P
bot0841@dev.com;P123456P
bot0842@dev.com;P123456P
bot0843@dev.com;P123456P
bot0844@dev.com;P123456P
bot0845@dev.com;P123456P
bot0846@dev.com;P123456P
bot0847@dev.com;P123456P
bot0848@dev.com;P123456P
bot0849@dev.com;P123456P
bot0850@dev.com;P123456P
bot0851@dev.com;P123456P
bot0852@dev.com;P123456P
bot0853@dev.com;P123456P
bot0854@dev.com;P123456P
bot0855@dev.com;P123456P
bot0856@dev.com;P123456P
bot0857@dev.com;P123456P
bot0858@dev.com;P123456P
bot0859@dev.com;P123456P
bot0860@dev.com;P123456P
bot0861@dev.com;P123456P
bot0862@dev.com;P123456P
bot0863@dev.com;P123456P
bot0864@dev.com;P123456P
bot0865@dev.com;P123456P
bot0866@dev.com;P123456P
bot0867@dev.com;P123456P
bot0868@dev.com;P123456P
bot0869@dev.com;P123456P
bot0870@dev.com;P123456P
bot0871@dev.com;P123456P
bot0872@dev.com;P123456P
bot0873@dev.com;P123456P
bot0874@dev.com;P123456P
bot0875@dev.com;P123456P
bot0876@dev.com;P123456P
bot0877@dev.com;P123456P
bot0878@dev.com;P123456P
bot0879@dev.com;P123456P
bot0880@dev.com;P123456P
bot0881@dev.com;P123456P
bot0882@dev.com;P123456P
bot0883@dev.com;P123456P
bot0884@dev.com;P123456P
bot0885@dev.com;P123456P
bot0886@dev.com;P123456P
bot0887@dev.com;P123456P
bot0888@dev.com;P123456P
bot0889@dev.com;P123456P
bot0890@dev.com;P123456P
bot0891@dev.com;P123456P
bot0892@dev.com;P123456P
bot0893@dev.com;P123456P
bot0894@dev.com;P123456P
bot0895@dev.com;P123456P
bot0896@dev.com;P123456P
bot0897@dev.com;P123456P
bot0898@dev.com;P123456P
bot0899@dev.com;P123456P
bot0900@dev.com;P123456P
bot0901@dev.com;P123456P
bot0902@dev.com;P123456P
bot0903@dev.com;P123456P
bot0904@dev.com;P123456P
bot0905@dev.com;P123456P
bot0906@dev.com;P123456P
bot0907@dev.com;P123456P
bot0908@dev.com;P123456P
bot0909@dev.com;P123456P
bot0910@dev.com;P123456P
bot0911@dev.com;P123456P
bot0912@dev.com;P123456P
bot0913@dev.com;P123456P
bot0914@dev.com;P123456P
bot0915@dev.com;P123456P
bot0916@dev.com;P123456P
bot0917@dev.com;P123456P
bot0918@dev.com;P123456P
bot0919@dev.com;P123456P
bot0920@dev.com;P123456P
bot0921@dev.com;P123456P
bot0922@dev.com;P123456P
bot0923@dev.com;P123456P
bot0924@dev.com;P123456P
bot0925@dev.com;P123456P
bot0926@dev.com;P123456P
bot0927@dev.com;P123456P
bot0928@dev.com;P123456P
bot0929@dev.com;P123456P
bot0930@dev.com;P123456P
bot0931@dev.com;P123456P
bot0932@dev.com;P123456P
bot0933@dev.com;P123456P
bot0934@dev.com;P123456P
bot0935@dev.com;P123456P
bot0936@dev.com;P123456P
bot0937@dev.com;P123456P
bot0938@dev.com;P123456P
bot0939@dev.com;P123456P
bot0940@dev.com;P123456P
bot0941@dev.com;P123456P
bot0942@dev.com;P123456P
bot0943@dev.com;P123456P
bot0944@dev.com;P123456P
bot0945@dev.com;P123456P
bot0946@dev.com;P123456P
bot0947@dev.com;P123456P
bot0948@dev.com;P123456P
bot0949@dev.com;P123456P
bot0950@dev.com;P123456P
bot0951@dev.com;P123456P
bot0952@dev.com;P123456P
bot0953@dev.com;P123456P
bot0954@dev.com;P123456P
bot0955@dev.com;P123456P
bot0956@dev.com;P123456P
bot0957@dev.com;P123456P
bot0958@dev.com;P123456P
bot0959@dev.com;P123456P
bot0960@dev.com;P123456P
bot0961@dev.com;P123456P
bot0962@dev.com;P123456P
bot0963@dev.com;P123456P
bot0964@dev.com;P123456P
bot0965@dev.com;P123456P
bot0966@dev.com;P123456P
bot0967@dev.com;P123456P
bot0968@dev.com;P123456P
bot0969@dev.com;P123456P
bot0970@dev.com;P123456P
bot0971@dev.com;P123456P
bot0972@dev.com;P123456P
bot0973@dev.com;P123456P
bot0974@dev.com;P123456P
bot0975@dev.com;P123456P
bot0976@dev.com;P123456P
bot0977@dev.com;P123456P
bot0978@dev.com;P123456P
bot0979@dev.com;P123456P
bot0980@dev.com;P123456P
bot0981@dev.com;P123456P
bot0982@dev.com;P123456P
bot0983@dev.com;P123456P
bot0984@dev.com;P123456P
bot0985@dev.com;P123456P
bot0986@dev.com;P123456P
bot0987@dev.com;P123456P
bot0988@dev.com;P123456P
bot0989@dev.com;P123456P
bot0990@dev.com;P123456P
bot0991@dev.com;P123456P
bot0992@dev.com;P123456P
bot0993@dev.com;P123456P
bot0994@dev.com;P123456P
bot0995@dev.com;P123456P
bot0996@dev.com;P123456P
bot0997@dev.com;P123456P
bot0998@dev.com;P123456P
bot0999@dev.com;P123456P
bot1000@dev.com;P123456P